source,file,name,line,kind,gmsl_features,msl_size,ttf_status,ttf_error,run_status,run_error
omlx,/tmp/omlx-tf-parity/omlx/omlx/patches/qwen35_verify_sdpa_split.py,omlx_verify_attn_wide_partial,336,mtk,simdgroup_matrix,5045,reject-by-keyword,found Metal-only: simdgroup_matrix,defer_m2,
omlx,/tmp/omlx-tf-parity/omlx/omlx/patches/qwen35_verify_sdpa_split.py,omlx_verify_attn_wide_combine,345,mtk,,717,skip,,defer_m2,
omlx,/tmp/omlx-tf-parity/omlx/omlx/patches/qwen35_verify_sdpa_split.py,omlx_verify_attn_gqa_partial,575,mtk,matmul2d_descriptor,4867,reject-by-keyword,found Metal-only: matmul2d_descriptor,defer_m2,
omlx,/tmp/omlx-tf-parity/omlx/omlx/patches/qwen35_verify_sdpa_split.py,omlx_verify_attn_gqa_combine,583,mtk,,806,skip,,defer_m2,
omlx,/tmp/omlx-tf-parity/omlx/omlx/patches/qwen35_verify_sdpa_split.py,omlx_chain_attn_partial,745,mtk,,2434,skip,,defer_m2,
omlx,/tmp/omlx-tf-parity/omlx/omlx/patches/qwen35_verify_sdpa_split.py,omlx_chain_attn_combine,752,mtk,,593,skip,,defer_m2,
omlx,/tmp/omlx-tf-parity/omlx/omlx/patches/qwen35_verify_qmm.py,omlx_verify_group_sums,874,mtk,,295,skip,,defer_m2,
omlx,/tmp/omlx-tf-parity/omlx/omlx/patches/qwen35_verify_qmm.py,omlx_verify_add_rms,1372,mtk,,1996,skip,,defer_m2,
omlx,/tmp/omlx-tf-parity/omlx/omlx/patches/qwen35_moe_router.py,omlx_qwen35_moe_router_topk,227,mtk,,1916,skip,,defer_m2,
omlx,/tmp/omlx-tf-parity/omlx/omlx/patches/qwen35_moe_router.py,omlx_qwen35_moe_router_gemv_row,386,mtk,,396,skip,,defer_m2,
omlx,/tmp/omlx-tf-parity/omlx/omlx/patches/qwen35_moe_router.py,omlx_qwen35_moe_router_softmax_topk_row,466,mtk,,1242,skip,,defer_m2,
omlx,/tmp/omlx-tf-parity/omlx/omlx/patches/qwen35_moe_router.py,omlx_qwen35_moe_combine_row,596,mtk,,766,skip,,defer_m2,
omlx,/tmp/omlx-tf-parity/omlx/omlx/patches/qwen35_moe_router.py,omlx_qwen35_moe_router_gemv_window,414,mtk,,395,skip,,defer_m2,
omlx,/tmp/omlx-tf-parity/omlx/omlx/patches/m5_gather_qmm_nax.py,omlx_gqmm_tile_scan,1260,mtk,,353,skip,,defer_m2,
omlx,/tmp/omlx-tf-parity/omlx/omlx/patches/qwen35_packed_linear.py,omlx_qwen35_packed_small,328,mtk,matmul2d_descriptor,4915,reject-by-keyword,found Metal-only: matmul2d_descriptor,defer_m2,
omlx,/tmp/omlx-tf-parity/omlx/omlx/patches/qwen35_packed_linear.py,omlx_qwen35_packed_matvec,335,mtk,,2254,skip,,defer_m2,
omlx,/tmp/omlx-tf-parity/omlx/omlx/patches/qwen35_packed_linear.py,omlx_qwen35_packed_reduce,341,mtk,,292,skip,,defer_m2,
omlx,/tmp/omlx-tf-parity/omlx/omlx/patches/qwen35_packed_linear.py,omlx_qwen35_packed_gemm,347,mtk,,3382,skip,,defer_m2,
omlx,/tmp/omlx-tf-parity/omlx/omlx/patches/glm53_kda_prework.py,omlx_glm53_kda_prefill_prework,160,mtk,,3181,skip,,defer_m2,
omlx,/tmp/omlx-tf-parity/omlx/omlx/patches/glm53_kda_prework.py,omlx_glm53_kda_prefill_norm_gate,166,mtk,,1101,skip,,defer_m2,
omlx,/tmp/omlx-tf-parity/omlx/omlx/patches/qwen35_gdn_prework.py,omlx_qwen35_gdn_prework,750,mtk,,4782,skip,,defer_m2,
omlx,/tmp/omlx-tf-parity/omlx/omlx/patches/qwen35_gdn_prework.py,omlx_qwen4_gdn_decode_prework,799,mtk,,3750,skip,,defer_m2,
omlx,/tmp/omlx-tf-parity/omlx/omlx/patches/qwen35_gdn_prework.py,omlx_qwen4_gdn_decode_norm_gate,1047,mtk,,822,skip,,defer_m2,
omlx,/tmp/omlx-tf-parity/omlx/omlx/patches/qwen35_gdn_prework.py,omlx_qwen4_gdn_decode_step,1088,mtk,,6741,skip,,defer_m2,
omlx,/tmp/omlx-tf-parity/omlx/omlx/patches/moe_verify_gather.py,<fstring>,291,mtk,,2941,skip,,defer_m2,
omlx,/tmp/omlx-tf-parity/omlx/omlx/patches/mlx_lm_mtp/batch_generator.py,omlx_mtp_candidate_sample,1855,mtk,,1585,skip,,defer_m2,
omlx,/tmp/omlx-tf-parity/omlx/omlx/patches/mlx_vlm_mtp/qwen35_verify_attention.py,omlx_qwen_verify_ragged_sdpa,132,mtk,,3714,skip,,defer_m2,
omlx,/tmp/omlx-tf-parity/omlx/omlx/patches/glm_moe_dsa/indexer_nax.py,omlx_glm_dsa_indexer_scores_nax,183,mtk,matmul2d_descriptor,5115,reject-by-keyword,found Metal-only: matmul2d_descriptor,defer_m2,
omlx,/tmp/omlx-tf-parity/omlx/omlx/patches/glm_moe_dsa/sparse_mla_nax.py,omlx_glm_sparse_mla_nax_v2,331,mtk,matmul2d_descriptor,11392,reject-by-keyword,found Metal-only: matmul2d_descriptor,defer_m2,
omlx,/tmp/omlx-tf-parity/omlx/omlx/patches/mlx_vlm_minimax_m3_compat/vendor/mlx_vlm/models/minimax_m3_vl/msa.py,minimax_m3_msa_csr_k1_scalar,511,mtk,,4342,skip,,defer_m2,
omlx,/tmp/omlx-tf-parity/omlx/omlx/patches/mlx_vlm_minimax_m3_compat/vendor/mlx_vlm/models/minimax_m3_vl/msa.py,minimax_m3_msa_csr_k1_simd,631,mtk,,3179,skip,,defer_m2,
omlx,/tmp/omlx-tf-parity/omlx/omlx/patches/mlx_vlm_minimax_m3_compat/vendor/mlx_vlm/models/minimax_m3_vl/msa.py,minimax_m3_msa_csr_k1_simd_packed,728,mtk,,3493,skip,,defer_m2,
omlx,/tmp/omlx-tf-parity/omlx/omlx/patches/mlx_vlm_minimax_m3_compat/vendor/mlx_vlm/models/minimax_m3_vl/msa.py,minimax_m3_msa_csr_k2_combine,826,mtk,,1308,skip,,defer_m2,
omlx,/tmp/omlx-tf-parity/omlx/omlx/patches/mlx_vlm_minimax_m3_compat/vendor/mlx_vlm/models/minimax_m3_vl/msa.py,minimax_m3_msa_topk_select,879,mtk,,3683,skip,,defer_m2,
omlx,/tmp/omlx-tf-parity/omlx/omlx/patches/mlx_vlm_minimax_m3_compat/vendor/mlx_vlm/models/minimax_m3_vl/msa.py,minimax_m3_msa_decode_b1_simd,991,mtk,,2351,skip,,defer_m2,
omlx,/tmp/omlx-tf-parity/omlx/omlx/patches/mlx_vlm_minimax_m3_compat/vendor/mlx_vlm/models/minimax_m3_vl/msa.py,minimax_m3_msa_csr_k1_steel_mma,103,mtk,,10133,skip,,defer_m2,
omlx,/tmp/omlx-tf-parity/omlx/omlx/patches/mlx_vlm_glm5_next_compat/decode_kernels.py,glm5_moe_shared_gate_up_swiglu,543,mtk,,1057,skip,,defer_m2,
omlx,/tmp/omlx-tf-parity/omlx/omlx/patches/mlx_vlm_glm5_next_compat/decode_kernels.py,glm5_hc_mix_rms_gemv_row,1076,mtk,,2046,skip,,defer_m2,
omlx,/tmp/omlx-tf-parity/omlx/omlx/patches/mlx_vlm_glm5_next_compat/decode_kernels.py,glm5_dsa_decode_scores,1196,mtk,simdgroup_matrix,2472,reject-by-keyword,found Metal-only: simdgroup_matrix,defer_m2,
omlx,/tmp/omlx-tf-parity/omlx/omlx/patches/mlx_vlm_glm5_next_compat/decode_kernels.py,glm5_dsa_topk_rows,1353,mtk,,3270,skip,,defer_m2,
omlx,/tmp/omlx-tf-parity/omlx/omlx/patches/mlx_vlm_glm5_next_compat/decode_kernels.py,glm5_dsa_expand_topk,1413,mtk,,743,skip,,defer_m2,
omlx,/tmp/omlx-tf-parity/omlx/omlx/patches/mlx_vlm_glm5_next_compat/decode_kernels.py,glm5_dsa_gather_selected,1476,mtk,,630,skip,,defer_m2,
omlx,/tmp/omlx-tf-parity/omlx/omlx/patches/mlx_vlm_glm5_next_compat/decode_kernels.py,glm5_router_select,2157,mtk,,2173,skip,,defer_m2,
omlx,/tmp/omlx-tf-parity/omlx/omlx/patches/mlx_vlm_glm5_next_compat/decode_kernels.py,glm5_hc_expand_one_token,2352,mtk,matmul2d_descriptor,1905,reject-by-keyword,found Metal-only: matmul2d_descriptor,defer_m2,
omlx,/tmp/omlx-tf-parity/omlx/omlx/patches/mlx_vlm_glm5_next_compat/decode_kernels.py,glm5_hc_post_comb_mm,2732,mtk,matmul2d_descriptor,2214,reject-by-keyword,found Metal-only: matmul2d_descriptor,defer_m2,
omlx,/tmp/omlx-tf-parity/omlx/omlx/patches/mlx_vlm_glm5_next_compat/decode_kernels.py,glm5_sigmoid_probe,1555,mtk,,135,skip,,defer_m2,
omlx,/tmp/omlx-tf-parity/omlx/omlx/patches/mlx_vlm_inkling_compat/vendor/mlx_vlm/models/inkling/language.py,inkling_banded_mask,122,mtk,,1117,skip,,defer_m2,
omlx,/tmp/omlx-tf-parity/omlx/omlx/patches/mlx_vlm_inkling_compat/vendor/mlx_vlm/models/inkling/language.py,omlx_inkling_sconv_decode,253,mtk,,1255,skip,,defer_m2,
omlx,/tmp/omlx-tf-parity/omlx/omlx/patches/mlx_vlm_inkling_compat/vendor/mlx_vlm/models/inkling/language.py,omlx_inkling_moe_route,621,mtk,,1984,skip,,defer_m2,
omlx,/tmp/omlx-tf-parity/omlx/omlx/patches/mlx_vlm_inkling_compat/vendor/mlx_vlm/models/inkling/language.py,omlx_inkling_moe_down_combine,671,mtk,,1504,skip,,defer_m2,
omlx,/tmp/omlx-tf-parity/omlx/omlx/patches/deepseek_v4/switch_layers.py,<fstring>,155,mtk,,1511,skip,,defer_m2,
omlx,/tmp/omlx-tf-parity/omlx/omlx/patches/deepseek_v4/verify_qmv.py,omlx_deepseek_verify_qmv_exact,300,mtk,,4226,skip,,defer_m2,
omlx,/tmp/omlx-tf-parity/omlx/omlx/patches/deepseek_v4/verify_qmv.py,omlx_deepseek_verify_gemv_exact,312,mtk,,2167,skip,,defer_m2,
omlx,/tmp/omlx-tf-parity/omlx/omlx/patches/deepseek_v4/verify_qmv.py,omlx_deepseek_verify_multi_qmv_exact,334,mtk,,2445,skip,,defer_m2,
omlx,/tmp/omlx-tf-parity/omlx/omlx/patches/deepseek_v4/hyper_connection.py,hc_sinkhorn_collapse,153,mtk,,5169,skip,,defer_m2,
omlx,/tmp/omlx-tf-parity/omlx/omlx/patches/deepseek_v4/wsdpa_attention.py,dsv4_wsdpa,141,mtk,,3361,skip,,defer_m2,
omlx,/tmp/omlx-tf-parity/omlx/omlx/patches/deepseek_v4/wsdpa_attention.py,dsv4_wsdpa_topk,255,mtk,,3543,skip,,defer_m2,
omlx,/tmp/omlx-tf-parity/omlx/omlx/patches/mlx_vlm_qwen4_exp_compat/vendor/mlx_vlm/models/qwen4_exp/qsa_nax.py,omlx_qwen4_qsa_nax_query_attention,371,mtk,matmul2d_descriptor|mpp::tensor_ops,12643,reject-by-keyword,"found Metal-only: matmul2d_descriptor,mpp::tensor_ops",defer_m2,
omlx,/tmp/omlx-tf-parity/omlx/omlx/patches/mlx_vlm_qwen4_exp_compat/vendor/mlx_vlm/models/qwen4_exp/hc_projection.py,omlx_qwen4_hc_hybrid_qmv,310,mtk,,3044,skip,,defer_m2,
omlx,/tmp/omlx-tf-parity/omlx/omlx/patches/mlx_vlm_qwen4_exp_compat/vendor/mlx_vlm/models/qwen4_exp/language.py,omlx_qwen4_depthwise_conv1d,3457,mtk,,623,skip,,defer_m2,
omlx,/tmp/omlx-tf-parity/omlx/omlx/patches/mlx_vlm_qwen4_exp_compat/vendor/mlx_vlm/models/qwen4_exp/qsa_fast.py,omlx_qwen4_masked_decode_sdpa_1,637,mtk,,2900,skip,,defer_m2,
omlx,/tmp/omlx-tf-parity/omlx/omlx/patches/mlx_vlm_qwen4_exp_compat/vendor/mlx_vlm/models/qwen4_exp/qsa_fast.py,omlx_qwen4_masked_decode_sdpa_2,646,mtk,,1826,skip,,defer_m2,
omlx,/tmp/omlx-tf-parity/omlx/omlx/patches/mimo_v2/sdpa_flash.py,omlx_sdpa_flash_pass1,364,mtk,simdgroup_matrix,10929,reject-by-keyword,found Metal-only: simdgroup_matrix,defer_m2,
omlx,/tmp/omlx-tf-parity/omlx/omlx/patches/mimo_v2/sdpa_flash.py,omlx_sdpa_flash_pass2,375,mtk,,671,skip,,defer_m2,
omlx,/tmp/omlx-tf-parity/omlx/omlx/patches/mimo_v2/decode_fast.py,omlx_mimo_router_gemv,414,mtk,,2204,skip,,defer_m2,
omlx,/tmp/omlx-tf-parity/omlx/omlx/patches/mimo_v2/decode_fast.py,omlx_mimo_router_select,478,mtk,,904,skip,,defer_m2,
omlx,/tmp/omlx-tf-parity/omlx/omlx/patches/mimo_v2/decode_fast.py,omlx_mimo_qkv_rope_split,488,mtk,,1788,skip,,defer_m2,
omlx,/tmp/omlx-tf-parity/omlx/omlx/patches/mimo_v2/moe_decode.py,omlx_mxfp4_gate_up_swiglu,220,mtk,,2352,skip,,defer_m2,
omlx,/tmp/omlx-tf-parity/omlx/omlx/patches/mimo_v2/moe_decode.py,omlx_mxfp4_down,231,mtk,,1708,skip,,defer_m2,
omlx,/tmp/omlx-tf-parity/omlx/omlx/patches/deepseek_v41/hyper_connection.py,deepseek_v41_sinkhorn,35,mtk,,873,skip,,defer_m2,
omlx,/tmp/omlx-tf-parity/omlx/omlx/patches/deepseek_v41/hyper_connection.py,deepseek_v41_hc_post,91,mtk,,510,skip,,defer_m2,
omlx,/tmp/omlx-tf-parity/omlx/omlx/patches/deepseek_v41/hyper_connection.py,deepseek_v41_hc_pre_norm,150,mtk,,1276,skip,,defer_m2,
omlx,/tmp/omlx-tf-parity/omlx/omlx/patches/deepseek_v41/routing.py,v41_unpermute_reduce,22,mtk,,279,skip,,defer_m2,
omlx,/tmp/omlx-tf-parity/omlx/omlx/patches/deepseek_v41/kernels.py,deepseek_v41_tile_topk,534,mtk,,3353,skip,,defer_m2,
omlx,/tmp/omlx-tf-parity/omlx/omlx/patches/deepseek_v41/kernels.py,deepseek_v41_sorted_topk_merge,606,mtk,,2701,skip,,defer_m2,
omlx,/tmp/omlx-tf-parity/omlx/omlx/patches/deepseek_v41/head.py,v41_bf16_head_fp32_output,30,mtk,,735,skip,,defer_m2,
omlx,/tmp/omlx-tf-parity/omlx/omlx/custom_kernels/qwen35_prefill/gdn.py,omlx_gdn_chunk_intra,318,mtk,,6568,skip,,defer_m2,
omlx,/tmp/omlx-tf-parity/omlx/omlx/custom_kernels/qwen35_prefill/gdn.py,omlx_gdn_chunk_scan,325,mtk,,4243,skip,,defer_m2,
omlx,/tmp/omlx-tf-parity/omlx/omlx/speculative/dflash_drafter.py,omlx_dflash2_conv,105,mtk,,501,skip,,defer_m2,
omlx,/tmp/omlx-tf-parity/omlx/omlx/speculative/dflash_drafter.py,omlx_dflash2_select,799,mtk,,3406,skip,,defer_m2,
tf,/tmp/omlx-tf-parity/TensorFold/src/tensorfold/kernels/qwen/dense/v1/lane_gdn.py,tensorfold_lane_gdn_step_kh,193,mtk,,3000,skip,,defer_m2,
tf,/tmp/omlx-tf-parity/TensorFold/src/tensorfold/kernels/qwen/dense/v1/lane_gdn.py,tensorfold_lane_gdn_step,223,mtk,,2478,skip,,defer_m2,
tf,/tmp/omlx-tf-parity/TensorFold/src/tensorfold/kernels/qwen/dense/v1/lane_tree.py,<fstring>,112,mtk,,2253,skip,,defer_m2,
tf,/tmp/omlx-tf-parity/TensorFold/src/tensorfold/kernels/qwen/dense/v1/lane_tree.py,<fstring>,118,mtk,,1667,skip,,defer_m2,
tf,/tmp/omlx-tf-parity/TensorFold/src/tensorfold/kernels/qwen/dense/v1/lane_attention.py,,198,mtk,,947,skip,,defer_m2,
tf,/tmp/omlx-tf-parity/TensorFold/src/tensorfold/kernels/glm/flash/v1/sparse_attention.py,<fstring>,89,mtk,,3002,skip,,defer_m2,
tf,/tmp/omlx-tf-parity/TensorFold/src/tensorfold/kernels/glm/flash/v1/kda.py,<fstring>,292,mtk,,8049,skip,,defer_m2,
